MCC,noga4,noga3,noga2,our_code,our_category,Description,General Merchant Category Codes,Valid Payment Brand(s)
742,7500,750,75,PRS,Professional Services,Veterinary Services,Agricultural Services,"V, M"
3757,5510,551,55,ACC,Accomodation,Canyon Ranch,Lodging,TSYS
3437,7711;4932,771,77,TS,Transport Services,Cite,Car Rental,V
3414,7711;4932,771,77,TS,Transport Services,Godfrey National,Car Rental,V
3284,5110,511,51,TS,Transport Services,Aero Virgin Islands,Airlines,V
3281,5110,511,51,TS,Transport Services,Air Djibouti,Airlines,TSYS
3274,5110,511,51,TS,Transport Services,Inter Nor Hotels,Airlines,TSYS
3273,5110,511,51,TS,Transport Services,Rica Hotels,Airlines,TSYS
3262,5110,511,51,TS,Transport Services,Reno Air,Airlines,V
3259,5110,511,51,TS,Transport Services,American Trans Air,Airlines,V
3254,5110,511,51,TS,Transport Services,U.S. Air Shuttle,Airlines,V
3251,5110,511,51,TS,Transport Services,Aloha Airlines,Airlines,V
3238,5110,511,51,TS,Transport Services,Bemidji Aviation,Airlines,V
3235,5110,511,51,TS,Transport Services,Brockway Air,Airlines,V
3233,5110,511,51,TS,Transport Services,Capitol Air,Airlines,V
3218,5110,511,51,TS,Transport Services,Crown Air,Airlines,V
3216,5110,511,51,TS,Transport Services,Cumberland Airlines,Airlines,V
3215,5110,511,51,TS,Transport Services,Dan Air Services,Airlines,V
3203,5110,511,51,TS,Transport Services,Golden Pacific Air,Airlines,V
3176,5110,511,51,TS,Transport Services,Metroflight Airlines,Airlines,V
3170,5110,511,51,TS,Transport Services,Mount Cook,Airlines,V
3165,5110,511,51,TS,Transport Services,New York Helicopter,Airlines,V
3154,5110,511,51,TS,Transport Services,Princeville,Airlines,V
3145,5110,511,51,TS,Transport Services,San Juan,Airlines,V
3143,5110,511,51,TS,Transport Services,Scenic Airlines,Airlines,V
3138,5110,511,51,TS,Transport Services,Simmons Airlines,Airlines,V
3137,5110,511,51,TS,Transport Services,Singleton,Airlines,V
3135,5110,511,51,TS,Transport Services,Sudan Airways,Airlines,V
3133,5110,511,51,TS,Transport Services,Sunbelt Airlines,Airlines,V
3126,5110,511,51,TS,Transport Services,Talair PTY Ltd.,Airlines,V
3110,5110,511,51,TS,Transport Services,Wings Airways,Airlines,V
3086,5110,511,51,TS,Transport Services,Carnival Airlines,Airlines,V
3081,5110,511,51,TS,Transport Services,NordAir,Airlines,TSYS
3019,5110,511,51,TS,Transport Services,Germanwings,Airlines,TSYS
9752,5310;7010;8411,531,53,PRS,Professional Services,"UK Petrol Stations, Electronic Hot File",Government Services,TSYS
9751,5310;7010;8411,531,53,PRS,Professional Services,"UK Supermarkets, Electronic Hot File",Government Services,TSYS
9702,5310;7010;8411,531,53,FIN,Financial Services,GCAS Emergency Services,Government Services,V
9701,5310;7010;8411,531,53,FIN,Financial Services,Visa Credential Server,Government Services,V
9700,5310;7010;8411,531,53,FIN,Financial Services,Automated Referral Service,Government Services,V
9401,5310;7010;8411,531,53,FIN,Financial Services,I-Purchasing Pilot,Government Services,TSYS
9034,5310;7010;8411,531,53,FIN,Financial Services,I-Purchasing Pilot,Government Services,TSYS
8743,3250;4778;6910,325,32,PRS,Professional Services,Testing Laboratories (Non-Medical),Professional Services and Membership Organizations,TSYS
8044,3250;4778;6910,325,32,HHS,Human Health Services,Optical Goods and Eyeglasses,Professional Services and Membership Organizations,TSYS
7833,9329;9319;9104,932,93,FIN,Financial Services,Express Payment Service — Motion Picture Theater,Business Services,TSYS
7524,9329;9319;9104,932,93,FIN,Financial Services,"Express Payment Service Merchants–Parking Lots
and Garages",Business Services,TSYS
7332,9329;9319;9104,932,93,PRS,Professional Services,Blueprinting and Photocopying Services,Business Services,TSYS
7295,9609;9604;9601,960,96,PER,Personal Services,Babysitting Services,Miscellaneous Stores,TSYS
7280,9609;9604;9601,960,96,C,Cash,Hospital Patient-Personal Funds Withdrawal,Miscellaneous Stores,TSYS
6760,9609;9604;9601,960,96,FIN,Financial Services,Savings Bonds,Miscellaneous Stores,TSYS
6611,9609;9604;9601,960,96,FIN,Financial Services,Overpayments,Miscellaneous Stores,TSYS
6535,9609;9604;9601,960,96,FIN,Financial Services,Value Purchase–Member Financial Institution,Miscellaneous Stores,TSYS
6530,9609;9604;9601,960,96,FIN,Financial Services,Remove Stored Value Load — Merchant,Miscellaneous Stores,TSYS
6529,9609;9604;9601,960,96,FIN,Financial Services,"Remote Stored Value Load — Member Financial
Institution",Miscellaneous Stores,TSYS
6381,9609;9604;9601,960,96,FIN,Financial Services,Insurance–Premiums,Miscellaneous Stores,TSYS
6236,9609;9604;9601,960,96,TS,Transport Services,Aero Servicio Carabobo,Miscellaneous Stores,TSYS
5962,9609;9604;9601,960,96,PRS,Professional Services,"Direct Marketing–Travel Related Arrangement
Services",Miscellaneous Stores,"V, M"
5299,4519;4614;2910,451,45,RFS,Retail: Fuel stations,Warehouse Club Gas,Retail Outlet Services,TSYS
4761,4939;5221;7911,493,49,PRS,Professional Services,"Telemarketing of Travel Related Services and
Vitamins",Transportation Services,TSYS
4723,4939;5221;7911,493,49,PRS,Professional Services,Package Tour Operators (Germany Only),Transportation Services,V
9950,7010,701,70,999,Other,Intra-Company Purchases,Government Services,"V, M"
9754,9200;9311,920,92,ENT,Entertainment & Sports,"Gambling-Horse, Dog Racing, State Lottery",Government Services,M
9406,9200,920,92,ENT,Entertainment & Sports,NA,NA,NA
9405,8411,841,84,999,Other,Intra-Government Purchases–Government Only,Government Services,"V, M"
9402,5310,531,53,TS,Transport Services,Postal Services–Government Only,Government Services,"V, M"
9399,8425;8424,842,84,999,Other,Government Services–Not Elsewhere Classified,Government Services,"V, M"
9311,8423,842,84,999,Other,Tax Payments,Government Services,"V, M"
9223,8423,842,84,999,Other,Bail and Bond Payments,Government Services,"V, M"
9222,8423,842,84,999,Other,Fines,Government Services,"V, M"
9211,8423,842,84,999,Other,Court Costs Including Alimony and Child Support,Government Services,"V, M"
8999,7490;7430;8299,749,74,PRS,Professional Services,Professional Services–Not Elsewhere Classified,Professional Services and Membership Organizations,"V, M"
8931,6920,692,69,PRS,Professional Services,"Accounting, Auditing and Bookkeeping Services",Professional Services and Membership Organizations,"V, M"
8911,7410,741,74,PRS,Professional Services,"Architectural, Engineering and Surveying Services",Professional Services and Membership Organizations,"V, M"
8734,7120,712,71,PRS,Professional Services,Testing Laboratories (Non-Medical),Professional Services and Membership Organizations,"V, M"
8699,9499,949,94,999,Other,"Organizations, Membership–Not Elsewhere
Classified",Professional Services and Membership Organizations,"V, M"
8675,9499,949,94,999,Other,Automobile Associations,Professional Services and Membership Organizations,"V, M"
8661,9491,949,94,999,Other,"Organizations, Religious",Professional Services and Membership Organizations,"V, M"
8651,9492,949,94,999,Other,"Organizations, Political",Professional Services and Membership Organizations,"V, M"
8641,9499,949,94,999,Other,"Associations–Civic, Social and Fraternal",Professional Services and Membership Organizations,"V, M"
8398,8899,889,88,PRS,Professional Services,"Organizations, Charitable and Social Service",Professional Services and Membership Organizations,"V, M"
8351,8891,889,88,PRS,Professional Services,Child Care Services,Professional Services and Membership Organizations,"V, M"
8299,8559;8552;8551,855,85,PRS,Professional Services,"Schools And Educational Services–Not Elsewhere
Classified",Professional Services and Membership Organizations,"V, M"
8249,8541,854,85,PRS,Professional Services,"Schools, Trade and Vocational",Professional Services and Membership Organizations,"V, M"
8244,8559,855,85,PRS,Professional Services,"Schools, Business and Secretarial",Professional Services and Membership Organizations,"V, M"
8241,8520;8531,852,85,PRS,Professional Services,"Schools, Correspondence",Professional Services and Membership Organizations,"V, M"
8220,8542,854,85,PRS,Professional Services,"Colleges, Universities, Professional Schools and
Junior Colleges",Professional Services and Membership Organizations,"V, M"
8211,8520;8531,852,85,PRS,Professional Services,"Schools, Elementary and Secondary",Professional Services and Membership Organizations,"V, M"
8111,6910,691,69,PRS,Professional Services,"Attorneys, Legal Services",Professional Services and Membership Organizations,"V, M"
8099,8610;8622,861,86,HHS,Human Health Services,"Health Practitioners, Medical Services–Not
Elsewhere Classified",Professional Services and Membership Organizations,"V, M"
8071,3250,325,32,999,Other,Dental and Medical Laboratories,Professional Services and Membership Organizations,"V, M"
8062,8610,861,86,HHS,Human Health Services,Hospitals,Professional Services and Membership Organizations,"V, M"
8050,8690,869,86,HHS,Human Health Services,Nursing and Personal Care Facilities,Professional Services and Membership Organizations,"V, M"
8049,8690,869,86,HHS,Human Health Services,"Chiropodists, Podiatrists",Professional Services and Membership Organizations,"V, M"
8043,8690;4778,869,86,HHS,Human Health Services,"Opticians, Optical Goods and Eyeglasses",Professional Services and Membership Organizations,"V, M"
8042,8690,869,86,HHS,Human Health Services,Optometrists and Ophthalmologists,Professional Services and Membership Organizations,"V, M"
8041,8690,869,86,HHS,Human Health Services,Chiropractors,Professional Services and Membership Organizations,"V, M"
8031,8690,869,86,HHS,Human Health Services,Osteopathic Physicians,Professional Services and Membership Organizations,"V, M"
8021,8623,862,86,HHS,Human Health Services,Dentists and Orthodontists,Professional Services and Membership Organizations,"V, M"
8011,8621;8622,862,86,HHS,Human Health Services,Doctors–not elsewhere classified,Professional Services and Membership Organizations,"V, M"
7999,9329;9319,932,93,ENT,Entertainment & Sports,Recreation Services–Not Elsewhere Classified,Business Services,"V, M"
7998,9104,910,91,ENT,Entertainment & Sports,"Aquariums, Dolphinariums, Zoos and Seaquariums",Business Services,"V, M"
7997,9312,931,93,ENT,Entertainment & Sports,"Clubs–Country Clubs, Membership (Athletic,
Recreation, Sports), Private Golf Courses",Business Services,"V, M"
7996,9001;9321;9329,900,90,ENT,Entertainment & Sports,"Amusement Parks, Carnivals, Circuses, Carnivals,
Fortune Tellers",Business Services,"V, M"
7995,9200,920,92,ENT,Entertainment & Sports,"Gambling Transactions
Betting (Sportsbook, fantasy, social gaming; when
regulated and not covered by other MCCs) (D)",Business Services,"V, M"
7994,9200;9329,920,92,ENT,Entertainment & Sports,Video Game Arcades and Establishments,Business Services,"V, M"
7993,9200;9329,920,92,ENT,Entertainment & Sports,Video Amusement Game Supplies,Business Services,"V, M"
7992,9311,931,93,ENT,Entertainment & Sports,"Golf Courses, Public",Business Services,"V, M"
7991,9102;9103;9104,910,91,ENT,Entertainment & Sports,Tourist Attractions and Exhibits,Business Services,"V, M"
7941,9312;9311,931,93,ENT,Entertainment & Sports,"Athletic Fields, Commercial Sports, Professional
Sports Clubs, Sports Promoters",Business Services,"V, M"
7933,9312,931,93,ENT,Entertainment & Sports,Bowling Alleys,Business Services,"V, M"
7932,9312;7721,931,93,ENT,Entertainment & Sports,Pool and Billiard Establishments,Business Services,"V, M"
7929,9001,900,90,ENT,Entertainment & Sports,"Bands, Orchestras and Miscellaneous Entertainers–
Not Elsewhere Classified",Business Services,"V, M"
7922,9002;7990,900,90,ENT,Entertainment & Sports,"Theatrical Producers (Except Motion Pictures),
Ticket Agencies",Business Services,"V, M"
7911,9329; 5630,932,93,ENT,Entertainment & Sports,"Dance Halls, Schools and Studios",Business Services,"V, M"
7841,7722,772,77,ENT,Entertainment & Sports,DVD/Video Tape Rental Stores,Business Services,"V, M"
7832,5914,591,59,ENT,Entertainment & Sports,Motion Picture Theaters,Business Services,"V, M"
7829,5911;5913,591,59,ENT,Entertainment & Sports,"Motion Picture and Video Tape Production and
Distribution",Business Services,"V, M"
7802,9311,931,93,ENT,Entertainment & Sports,Government-Licensed Horse/Dog Racing,Business Services,"V, M"
7801,9200,920,92,ENT,Entertainment & Sports,"Government-Licensed Casinos (Online or Internet
Gambling)",Business Services,"V, M"
7800,9200,920,92,ENT,Entertainment & Sports,Government Owned Lottery,Business Services,"V, M"
7699,9529,952,95,PER,Personal Services,Miscellaneous Repair Shops and Related Services,Business Services,"V, M"
7692,3312,331,33,999,Other,Welding Repair,Business Services,"V, M"
7641,9524,952,95,PER,Personal Services,"Furniture–Reupholstery, Repair and Refinishing",Business Services,"V, M"
7631,9525,952,95,PER,Personal Services,"Clock, Jewelry and Watch Repair Shops",Business Services,"V, M"
7629,9522;3314,952,95,PER,Personal Services,"Appliance Repair Shops, Electrical and Small",Business Services,"V, M"
7623,9522,952,95,PER,Personal Services,Air Conditioning and Refrigeration Repair Shops,Business Services,"V, M"
7622,9521;3313;3314,952,95,PER,Personal Services,Electronic Repair Shops,Business Services,"V, M"
7549,5221,522,52,TS,Transport Services,Towing Services,Business Services,"V, M"
7542,4520,452,45,MV,Motor Vehicles,Car Washes,Business Services,"V, M"
7538,4520,452,45,MV,Motor Vehicles,Automotive Service Shops,Business Services,"V, M"
7535,4520,452,45,MV,Motor Vehicles,Automotive Paint Shops,Business Services,"V, M"
7534,4520,452,45,MV,Motor Vehicles,Tire Retreading and Repair Shops,Business Services,"V, M"
7531,4520,452,45,MV,Motor Vehicles,Automotive Body Repair Shops,Business Services,"V, M"
7523,5221,522,52,TS,Transport Services,Automobile Parking Lots and Garages,Business Services,"V, M"
7519,7721,772,77,ENT,Entertainment & Sports,Motor Home and Recreational Vehicle Rental,Business Services,"V, M"
7513,7712,771,77,TS,Transport Services,Truck Rental,Business Services,"V, M"
7512,7711,771,77,TS,Transport Services,"Automobile Rental Agency–Not Elsewhere
Classified",Business Services,"V, M"
7399,8299,829,82,PRS,Professional Services,Business Services Not Elsewhere Classified,Business Services,"V, M"
7395,7420,742,74,PRS,Professional Services,"Photo Developing, Photofinishing Laboratories",Business Services,"V, M"
7394,7739;7729,773,77,PRS,Professional Services,"Equipment Rental and Leasing Services, Furniture
Rental, Tool Rental",Business Services,"V, M"
7393,8010;8020;8030,801,80,PRS,Professional Services,"Detective Agencies, Protective Agencies, Security
Services including Armored Cars, Guard Dogs",Business Services,"V, M"
7392,7021;7022,702,70,PRS,Professional Services,"Consulting, Management and Public Relations
Services",Business Services,"V, M"
7379,9511,951,95,PER,Personal Services,"Computer Maintenance, Repair And Services–Not
Elsewhere Classified",Business Services,"V, M"
7375,8299;8211,829,82,PRS,Professional Services,Information Retrieval Services,Business Services,"V, M"
7372,6201,620,62,PRS,Professional Services,"Computer Programming, Data Processing and
Integrated System Design Services",Business Services,"V, M"
7361,7810;7820,781,78,PRS,Professional Services,Employment Agencies and Temporary Help Services,Business Services,"V, M"
7349,8121,812,81,PRS,Professional Services,"Cleaning and Maintenance, Janitorial Services",Business Services,"V, M"
7342,8129,812,81,PRS,Professional Services,Exterminating and Disinfecting Services,Business Services,"V, M"
7339,8219,821,82,PRS,Professional Services,Stenographic and Secretarial Support Services,Business Services,"V, M"
7338,8219,821,82,PRS,Professional Services,"Quick Copy, Reproduction and Blueprinting Services",Business Services,"V, M"
7333,7420;4778,742,74,PRS,Professional Services,"Commercial Art, Graphics, Photography",Business Services,"V, M"
7321,8291,829,82,PRS,Professional Services,Consumer Credit Reporting Agencies,Business Services,"V, M"
7311,7311,731,73,PRS,Professional Services,Advertising Services,Business Services,"V, M"
7299,9609,960,96,PER,Personal Services,Other Services–Not Elsewhere Classified,Miscellaneous Stores,"V, M"
7298,9604,960,96,PER,Personal Services,Health and Beauty Spas,Miscellaneous Stores,"V, M"
7297,9604,960,96,PER,Personal Services,Massage Parlors,Miscellaneous Stores,"V, M"
7296,9601,960,96,PER,Personal Services,"Clothing Rental–Costumes, Uniforms and Formal Wear",Miscellaneous Stores,"V, M"
7278,7490,749,74,PRS,Professional Services,"Buying/Shopping Clubs, Services",Miscellaneous Stores,"V, M"
7277,9609,960,96,PER,Personal Services,"Debt, Marriage, Personal–Counseling Services",Miscellaneous Stores,"V, M"
7276,6920,692,69,PRS,Professional Services,Tax Preparation Service,Miscellaneous Stores,"V, M"
7273,9609,960,96,PER,Personal Services,Dating Services,Miscellaneous Stores,"V, M"
7261,9603,960,96,PER,Personal Services,Funeral Service and Crematories,Miscellaneous Stores,"V, M"
7251,9609,960,96,PER,Personal Services,"Hat Cleaning Shops, Shoe Repair Shops, Shoe Shine Parlors",Miscellaneous Stores,"V, M"
7230,9602,960,96,PER,Personal Services,Barber and Beauty Shops,Miscellaneous Stores,"V, M"
7221,7420,742,74,PRS,Professional Services,Photographic Studios,Miscellaneous Stores,"V, M"
7217,9601,960,96,PER,Personal Services,Carpet and Upholstery Cleaning,Miscellaneous Stores,"V, M"
7216,9601,960,96,PER,Personal Services,Dry Cleaners,Miscellaneous Stores,"V, M"
7211,9601,960,96,PER,Personal Services,Laundry Services–Family and Commercial,Miscellaneous Stores,"V, M"
7210,9601,960,96,PER,Personal Services,"Cleaning, Garment and Laundry Services",Miscellaneous Stores,"V, M"
7033,5530,553,55,ACC,Accomodation,Campgrounds and Trailer Parks,Miscellaneous Stores,"V, M"
7032,5520,552,55,ACC,Accomodation,Sporting and Recreational Camps,Miscellaneous Stores,"V, M"
7012,5520,552,55,ACC,Accomodation,Timeshares,Miscellaneous Stores,"V, M"
7011,5510,551,55,ACC,Accomodation,"Lodging–Hotels, Motels, Resorts–not elsewhere
classified",Miscellaneous Stores,"V, M"
7005,9200,920,92,ENT,Entertainment & Sports,NA,NA,NA
6540,6619;6411;6419,661,66,FIN,Financial Services,"POI (Point of Interaction) Funding Transactions
(Excluding MoneySend)",Miscellaneous Stores,M
6539,6619;6411;6419,661,66,FIN,Financial Services,Funding Transaction (Excluding MoneySend),Miscellaneous Stores,M
6538,6411;6419;6619,641,64,FIN,Financial Services,MoneySend Funding,Miscellaneous Stores,M
6537,6411;6419;6619,641,64,FIN,Financial Services,MoneySend Intercountry,Miscellaneous Stores,M
6536,6411;6419;6619,641,64,FIN,Financial Services,MoneySend Intracountry,Miscellaneous Stores,M
6513,6831;6832,683,68,PRS,Professional Services,Real Estate Agents and Managers–Rentals,Miscellaneous Stores,"V, M"
6300,6622;6511;6520;6512,662,66,FIN,Financial Services,"Insurance Sales, Underwriting and Premiums",Miscellaneous Stores,"V, M"
6211,6612;6622,661,66,FIN,Financial Services,Securities–Brokers and Dealers,Miscellaneous Stores,"V, M"
6051,6411;6419,641,64,FIN,Financial Services,Quasi Cash–Merchant,Miscellaneous Stores,"V, M"
6050,6411;6419,641,64,FIN,Financial Services,Quasi Cash–Member Financial Institution,Miscellaneous Stores,M
6012,6411;6419,641,64,FIN,Financial Services,"Member Financial Institution–Merchandise And
Services",Miscellaneous Stores,"V, M"
6011,6411;6419,641,64,C,Cash,"Member Financial Institution–Automated Cash
Disbursements",Miscellaneous Stores,"V, M"
6010,6411;6419,641,64,C,Cash,"Member Financial Institution–Manual Cash
Disbursements",Miscellaneous Stores,"V, M"
5999,4778,477,47,OR,Retail: Other goods,Miscellaneous and Specialty Retail Stores,Miscellaneous Stores,"V, M"
5998,4752;5530,475,47,OR,Retail: Other goods,Tent and Awning Shops,Miscellaneous Stores,"V, M"
5997,4754,475,47,OR,Retail: Other goods,Electric Razor Stores–Sales and Service,Miscellaneous Stores,"V, M"
5996,4764;3230,476,47,OR,Retail: Other goods,Swimming Pools–Sales and Supplies,Miscellaneous Stores,"V, M"
5995,4776,477,47,OR,Retail: Other goods,"Pet Shops, Pet Food and Supplies",Miscellaneous Stores,"V, M"
5994,4762,476,47,OR,Retail: Other goods,News Dealers and Newsstands,Miscellaneous Stores,"V, M"
5993,4711;4726,471,47,FBT,"Retail: Food, beverage, tobacco",Cigar Stores and Stands,Miscellaneous Stores,"V, M"
5992,4776,477,47,OR,Retail: Other goods,Florists,Miscellaneous Stores,"V, M"
5983,4778,477,47,OR,Retail: Other goods,"Fuel Dealers–Coal, Fuel Oil, Liquefied Petroleum,
Wood",Miscellaneous Stores,"V, M"
5978,7733;4762,773,77,OR,Retail: Other goods,"Typewriter Stores–Rentals, Sales, Service",Miscellaneous Stores,"V, M"
5977,4775,477,47,OR,Retail: Other goods,Cosmetic Stores,Miscellaneous Stores,"V, M"
5976,4774,477,47,OR,Retail: Other goods,Orthopedic Goods–Artificial Limb Stores,Miscellaneous Stores,"V, M"
5975,4778,477,47,OR,Retail: Other goods,"Hearing Aids–Sales, Service, Supply Stores",Miscellaneous Stores,"V, M"
5974,4778,477,47,OR,Retail: Other goods,Rubber Stamp Store,Miscellaneous Stores,TSYS
5973,4778,477,47,OR,Retail: Other goods,Religious Goods Stores,Miscellaneous Stores,"V, M"
5972,4778,477,47,OR,Retail: Other goods,"Stamp and Coin Stores–Philatelic and Numismatic
Supplies",Miscellaneous Stores,"V, M"
5971,4778,477,47,OR,Retail: Other goods,Art Dealers and Galleries,Miscellaneous Stores,"V, M"
5970,4778,477,47,OR,Retail: Other goods,"Artist Supply Stores, Craft Shops",Miscellaneous Stores,"V, M"
5969,4799,479,47,OR,Retail: Other goods,"Direct Marketing–Other Direct Marketers–Not
Elsewhere Classified",Miscellaneous Stores,"V, M"
5968,4799,479,47,OR,Retail: Other goods,Direct Marketing–Continuity/Subscription Merchants,Miscellaneous Stores,"V, M"
5967,4791,479,47,OR,Retail: Other goods,Direct Marketing–Inbound Telemarketing Merchants,Miscellaneous Stores,"V, M"
5966,4791,479,47,OR,Retail: Other goods,Direct Marketing–Outbound Telemarketing Merchants,Miscellaneous Stores,"V, M"
5965,4799,479,47,OR,Retail: Other goods,"Direct Marketing–Combination Catalog and Retail
Merchant",Miscellaneous Stores,"V, M"
5964,4799,479,47,OR,Retail: Other goods,Direct Marketing–Catalog Merchants,Miscellaneous Stores,"V, M"
5963,4799,479,47,OR,Retail: Other goods,Door-to-Door Sales,Miscellaneous Stores,"V, M"
5961,4791,479,47,OR,Retail: Other goods,Mail Order Houses Including Catalog Order Stores,Miscellaneous Stores,TSYS
5960,4791,479,47,OR,Retail: Other goods,Direct Marketing Insurance Services,Miscellaneous Stores,"V, M"
5950,4759;4644,475,47,OR,Retail: Other goods,Crystal and Glassware Stores,Miscellaneous Stores,"V, M"
5949,4664;4751,466,46,OR,Retail: Other goods,"Fabric, Needlework, Piece Goods and Sewing Stores",Miscellaneous Stores,"V, M"
5948,4772;4649,477,47,OR,Retail: Other goods,Leather Goods and Luggage Stores,Miscellaneous Stores,"V, M"
5947,4649;4778,464,46,OR,Retail: Other goods,"Card, Gift, Novelty and Souvenir Shops",Miscellaneous Stores,"V, M"
5946,4778;4643,477,47,OR,Retail: Other goods,Camera and Photographic Supply Stores,Miscellaneous Stores,"V, M"
5945,4765;4649,476,47,OR,Retail: Other goods,"Game, Toy and Hobby Shops",Miscellaneous Stores,"V, M"
5944,4777;4648,477,47,OR,Retail: Other goods,"Clock, Jewelry, Watch and Silverware Stores",Miscellaneous Stores,"V, M"
5943,4762;4649,476,47,OR,Retail: Other goods,"Office, School Supply and Stationery Stores",Miscellaneous Stores,"V, M"
5942,4761;4649,476,47,OR,Retail: Other goods,Book Stores,Miscellaneous Stores,"V, M"
5941,4642;4649;4764,464,46,OR,Retail: Other goods,Sporting Goods Stores,Miscellaneous Stores,"V, M"
5940,4649;4764,464,46,OR,Retail: Other goods,Bicycle Shops–Sales and Service,Miscellaneous Stores,"V, M"
5937,4779;9003,477,47,OR,Retail: Other goods,Antique Reproduction Stores,Miscellaneous Stores,"V, M"
5935,4611,461,46,999,Other,Wrecking and Salvage Yards,Miscellaneous Stores,"V, M"
5933,6492,649,64,999,Other,Pawn Shops,Miscellaneous Stores,"V, M"
5932,4779;9003,477,47,OR,Retail: Other goods,"Antique Shops–Sales, Repairs and Restoration
Services",Miscellaneous Stores,"V, M"
5931,4779,477,47,OR,Retail: Other goods,"Second Hand Stores, Used Merchandise Stores",Miscellaneous Stores,"V, M"
5921,4725,472,47,FBT,"Retail: Food, beverage, tobacco","Package Stores–Beer, Wine and Liquor",Miscellaneous Stores,"V, M"
5912,4773;4775,477,47,OR,Retail: Other goods,Drug Stores and Pharmacies,Miscellaneous Stores,"V, M"
5818,4791,479,47,OR,Retail: Other goods,"Digital Goods: Large Digital Goods Merchant (V)
Digital Goods: Multi-Category (M)",Miscellaneous Stores,"V, M"
5817,4741,474,47,OR,Retail: Other goods,Digital Goods: Applications (Excludes Games),Miscellaneous Stores,"V, M"
5816,4741,474,47,OR,Retail: Other goods,Digital Goods: Games,Miscellaneous Stores,"V, M"
5815,"4763, 5811;5911;5913",476,47,OR,Retail: Other goods,"Digital Goods: Books, Movies, Music",Miscellaneous Stores,"V, M"
5814,5610,561,56,FBS,Food & Beverage Services,Fast Food Restaurants,Miscellaneous Stores,"V, M"
5813,5630,563,56,FBS,Food & Beverage Services,"Bars, Cocktail Lounges, Discotheques, Nightclubs
and Taverns–Drinking Places (Alcoholic Beverages)",Miscellaneous Stores,"V, M"
5812,5610,561,56,FBS,Food & Beverage Services,Eating Places and Restaurants,Miscellaneous Stores,"V, M"
5811,5621;5629,562,56,FBS,Food & Beverage Services,Caterers,Miscellaneous Stores,"V, M"
5735,4743,474,47,OR,Retail: Other goods,Record Shops,Miscellaneous Stores,"V, M"
5734,4741;4651,474,47,OR,Retail: Other goods,Computer Software Stores,Miscellaneous Stores,"V, M"
5733,4759;4649,475,47,OR,Retail: Other goods,"Music Stores–Musical Instruments, Pianos and
Sheet Music",Miscellaneous Stores,"V, M"
5732,4741;4742;4743,474,47,OR,Retail: Other goods,Electronics Sales,Miscellaneous Stores,"V, M"
5722,4754;4759;4646,475,47,OR,Retail: Other goods,Household Appliance Stores,Miscellaneous Stores,"V, M"
5719,4759;4754,475,47,OR,Retail: Other goods,Miscellaneous House Furnishing Specialty Shops,Miscellaneous Stores,"V, M"
5718,4752; 4322,475,47,OR,Retail: Other goods,"Fireplace, Fireplace Screens and Accessories Stores",Miscellaneous Stores,"V, M"
5714,4753,475,47,OR,Retail: Other goods,"Drapery, Upholstery and Window Coverings Stores",Miscellaneous Stores,"V, M"
5713,4753,475,47,OR,Retail: Other goods,Floor Covering Stores,Miscellaneous Stores,"V, M"
5712,4759;4647,475,47,OR,Retail: Other goods,"Equipment, Furniture and Home Furnishings Stores
(except Appliances)",Miscellaneous Stores,"V, M"
5699,4771;4642;4778,477,47,OR,Retail: Other goods,Accessory and Apparel Stores–Miscellaneous,Clothing Stores,"V, M"
5698,9602,960,96,PER,Personal Services,Wig and Toupee Shops,Clothing Stores,"V, M"
5697,9529; 1413;4771,952,95,PER,Personal Services,"Alterations, Mending, Seamstresses, Tailors",Clothing Stores,"V, M"
5691,4771,477,47,OR,Retail: Other goods,Men’s and Women’s Clothing Stores,Clothing Stores,"V, M"
5681,4772;4642,477,47,OR,Retail: Other goods,Furriers and Fur Shops,Clothing Stores,"V, M"
5661,4772,477,47,OR,Retail: Other goods,Shoe Stores,Clothing Stores,"V, M"
5655,4764;4649,476,47,OR,Retail: Other goods,"Sports Apparel, and Riding Apparel Stores",Clothing Stores,"V, M"
5651,4771;4642,477,47,OR,Retail: Other goods,Family Clothing Stores,Clothing Stores,"V, M"
5641,4771;4642,477,47,OR,Retail: Other goods,Children’s and Infants’ Wear Stores,Clothing Stores,"V, M"
5631,4771;4642,477,47,OR,Retail: Other goods,Women’s Accessory and Specialty Stores,Clothing Stores,"V, M"
5621,4771;4642,477,47,OR,Retail: Other goods,Women’s Ready to Wear Stores,Clothing Stores,"V, M"
5611,4642;4771,464,46,OR,Retail: Other goods,Men’s and Boys’ Clothing and Accessories Stores,Clothing Stores,"V, M"
5599,4519;4614,451,45,MV,Motor Vehicles,"Miscellaneous Automotive, Aircraft, and Farm
Equipment Dealers–Not Elsewhere Classified",Retail Outlet Services,"V, M"
5598,2910;4519,291,29,MV,Motor Vehicles,Snowmobile Dealers,Retail Outlet Services,"V, M"
5592,4519,451,45,MV,Motor Vehicles,Motor Home Dealers,Retail Outlet Services,"V, M"
5571,4540,454,45,MV,Motor Vehicles,Motorcycle Shops and Dealers,Retail Outlet Services,"V, M"
5561,4519; 4764,451,45,MV,Motor Vehicles,"Camper Dealers, Recreational and Utility Trailers",Retail Outlet Services,"V, M"
5551,4764;4649,476,47,OR,Retail: Other goods,Boat Dealers,Retail Outlet Services,"V, M"
5542,4730,473,47,RFS,Retail: Fuel stations,"Fuel Dispenser, Automated",Retail Outlet Services,"V, M"
5541,4730,473,47,RFS,Retail: Fuel stations,"Service Stations (With or Without Ancillary
Services)",Retail Outlet Services,"V, M"
5533,4531;4532,453,45,MV,Motor Vehicles,Automotive Parts and Accessories Stores,Retail Outlet Services,"V, M"
5532,4531;4532,453,45,MV,Motor Vehicles,Automotive Tire Stores,Retail Outlet Services,"V, M"
5521,4519;4531;4532,451,45,MV,Motor Vehicles,Automobile and Truck Dealers–(Used Only)–Sales,Retail Outlet Services,"V, M"
5511,4519;7711;7712,451,45,MV,Motor Vehicles,"Automobile and Truck Dealers–Sales, Service,
Repairs, Parts and Leasing",Retail Outlet Services,"V, M"
5499,4711,471,47,FBT,"Retail: Food, beverage, tobacco","Miscellaneous Food Stores–Convenience Stores,
Markets, Specialty Stores, and Vending Machines",Retail Outlet Services,"V, M"
5462,4724,472,47,FBT,"Retail: Food, beverage, tobacco",Bakeries,Retail Outlet Services,"V, M"
5451,4633;4729,463,46,FBT,"Retail: Food, beverage, tobacco",Dairy Products Stores,Retail Outlet Services,"V, M"
5441,4724;4636,472,47,FBT,"Retail: Food, beverage, tobacco","Candy, Nut and Confectionery Stores",Retail Outlet Services,"V, M"
5422,1011;4632;4722;4723;4638,101,10,FBT,"Retail: Food, beverage, tobacco",Freezer and Locker Meat Provisioners,Retail Outlet Services,"V, M"
5411,4711,471,47,FBT,"Retail: Food, beverage, tobacco","Grocery Stores, Supermarkets",Retail Outlet Services,"V, M"
5399,4719,471,47,OR,Retail: Other goods,Miscellaneous General Merchandise Stores,Retail Outlet Services,"V, M"
5331,4719; 4690,471,47,OR,Retail: Other goods,Variety Stores,Retail Outlet Services,"V, M"
5311,4719,471,47,OR,Retail: Other goods,Department Stores,Retail Outlet Services,"V, M"
5310,4719,471,47,OR,Retail: Other goods,Discount Stores,Retail Outlet Services,"V, M"
5309,4690;4711;4719,469,46,OR,Retail: Other goods,Duty Free Stores,Retail Outlet Services,"V, M"
5300,4719;4711;4690;4619,471,47,OR,Retail: Other goods,Wholesale Clubs,Retail Outlet Services,"V, M"
5271,4519; 5530,451,45,MV,Motor Vehicles,Mobile Home Dealers,Retail Outlet Services,"V, M"
5261,4776; 8130,477,47,OR,Retail: Other goods,Lawn and Garden Supply Stores,Retail Outlet Services,"V, M"
5251,4752; 4674,475,47,OR,Retail: Other goods,Hardware Stores,Retail Outlet Services,"V, M"
5231,4752; 4673,475,47,OR,Retail: Other goods,"Glass, Paint, Wallpaper Stores",Retail Outlet Services,"V, M"
5211,4752; 4673,475,47,OR,Retail: Other goods,"Building Materials, Lumber Stores",Retail Outlet Services,"V, M"
5200,4754;4759;4753; 4752,475,47,OR,Retail: Other goods,Home Supply Warehouse Stores,Retail Outlet Services,"V, M"
5199,4711;4771;4772,471,47,FBT,"Retail: Food, beverage, tobacco",Non-Durable Goods Not Elsewhere Classified,Retail Outlet Services,"V, M"
5198,4673;4752,467,46,OR,Retail: Other goods,"Paints, Varnishes and Supplies",Retail Outlet Services,"V, M"
5193,4622;4776,462,46,OR,Retail: Other goods,"Florists Supplies, Nursery Stock and Flowers",Retail Outlet Services,"V, M"
5192,4761;4762,476,47,OR,Retail: Other goods,"Books, Periodicals and Newspapers",Retail Outlet Services,"V, M"
5172,4778;4730,477,47,OR,Retail: Other goods,Petroleum and Petroleum Products,Retail Outlet Services,"V, M"
5169,4778;2041,477,47,OR,Retail: Other goods,"Chemicals and Allied Products Not Elsewhere
Classified",Retail Outlet Services,"V, M"
5139,4772,477,47,OR,Retail: Other goods,Commercial Footware,Retail Outlet Services,"V, M"
5137,4642;4771,464,46,OR,Retail: Other goods,"Men’s, Women’s and Children’s Uniforms and
Commercial Clothing",Retail Outlet Services,"V, M"
5131,4641;4751,464,46,OR,Retail: Other goods,"Piece Goods, Notions, and Other Dry Goods",Retail Outlet Services,"V, M"
5122,4646;4773;2110;2120,464,46,OR,Retail: Other goods,"Drugs, Drug Proprietors and Druggists Sundries",Retail Outlet Services,"V, M"
5111,4762; 1723,476,47,OR,Retail: Other goods,"Stationery, Office Supplies, Printing and Writing
Paper",Retail Outlet Services,"V, M"
5099,4759; 2540;3220;1512,475,47,OR,Retail: Other goods,Durable Goods Not Elsewhere Classified,Retail Outlet Services,"V, M"
5094,4648;3212; 4778,464,46,OR,Retail: Other goods,"Precious Stones and Metals, Watches and Jewelry",Retail Outlet Services,"V, M"
5085,4675;4752;4674,467,46,OR,Retail: Other goods,Industrial Supplies Not Elsewhere Classified,Retail Outlet Services,"V, M"
5074,4752,475,47,OR,Retail: Other goods,Plumbing and Heating Equipment,Retail Outlet Services,"V, M"
5072,4752,475,47,OR,Retail: Other goods,Hardware Equipment and Supplies,Retail Outlet Services,"V, M"
5065,4765,476,47,OR,Retail: Other goods,Electrical Parts and Equipment,Retail Outlet Services,"V, M"
5051,2420;2442;2593;2790,242,24,999,Other,Metal Service Centers and Offices,Retail Outlet Services,"V, M"
5047,3250;4646,325,32,999,Other,"Dental/Laboratory/Medical/Ophthalmic Hospital
Equipment and Supplies",Retail Outlet Services,"V, M"
5046,4778,477,47,OR,Retail: Other goods,Commercial Equipment Not Elsewhere Classified,Retail Outlet Services,"V, M"
5045,4751,475,47,OR,Retail: Other goods,"Computers, Computer Peripheral Equipment,
Software",Retail Outlet Services,"V, M"
5044,4778;4742,477,47,OR,Retail: Other goods,"Office, Photographic, Photocopy and Microfilm
Equipment",Retail Outlet Services,"V, M"
5039,4752,475,47,OR,Retail: Other goods,Construction Materials Not Elsewhere Classified,Retail Outlet Services,"V, M"
5021,4759,475,47,OR,Retail: Other goods,Office and Commercial Furniture,Retail Outlet Services,"V, M"
5013,4531;4532,453,45,MV,Motor Vehicles,Motor Vehicle Supplies and New Parts,Retail Outlet Services,"V, M"
4900,3511;3512;3513;3521;3522;3900;3600,351,35,999,Other,"Utilities–Electric, Gas, Heating Oil, Sanitary, Water",Utility Services,"V, M"
4899,6010;6020;6130,601,60,ENT,Entertainment & Sports,"Cable, Satellite, and Other Pay Television and Radio
Services",Utility Services,"V, M"
4829,6419;6491,641,64,999,Other,"Wire Transfer Money Orders (V, D, G, X)
Money Transfer (M)",Utility Services,"V, M"
4821,6110,611,61,PRS,Professional Services,Telegraph Services,Utility Services,"V, M"
4816,6399;6312,639,63,PRS,Professional Services,Computer Network/Information Services,Utility Services,"V, M"
4814,6110,611,61,PRS,Professional Services,"Telecommunication Services including but not
limited to prepaid phone services and recurring
phone services",Utility Services,"V, M"
4813,6120;6130;4742;4652,612,61,PRS,Professional Services,"Key-Entry Telecom Merchant providing single
local and long-distance phone calls using a central
access number in a non-face-to-face environment
using key entry",Utility Services,M
4812,4742,474,47,OR,Retail: Other goods,"Telecommunication Equipment Including Telephone
Sales",Utility Services,"V, M"
4789,4939,493,49,TS,Transport Services,Transportation Services Not Elsewhere Classified,Transportation Services,"V, M"
4784,5221,522,52,TS,Transport Services,"Bridge and Road Fees, Tolls",Transportation Services,"V, M"
4722,7911;7912,791,79,PRS,Professional Services,Travel Agencies and Tour Operators,Transportation Services,"V, M"
4582,5223,522,52,TS,Transport Services,"Airports, Airport Terminals, Flying Fields",Transportation Services,"V, M"
4511,5110,511,51,TS,Transport Services,"Air Carriers, Airlines–not elsewhere classified",Transportation Services,"V, M"
4468,5222;9329,522,52,TS,Transport Services,"Marinas, Marine Service/Supplies",Transportation Services,"V, M"
4457,7734,773,77,TS,Transport Services,Boat Leases and Boat Rentals,Transportation Services,"V, M"
4411,5010,501,50,TS,Transport Services,Cruise Lines,Transportation Services,"V, M"
4225,5210,521,52,TS,Transport Services,"Public Warehousing–Farm Products, Refrigerated
Goods, Household Goods Storage",Transportation Services,"V, M"
4215,5320,532,53,TS,Transport Services,"Courier Services–Air and Ground, Freight Forwarders",Transportation Services,"V, M"
4214,4941,494,49,TS,Transport Services,"Motor Freight Carriers,Trucking–Local/Long Distance,
Moving and Storage Companies, Local Delivery",Transportation Services,"V, M"
4131,4931,493,49,TS,Transport Services,Bus Lines,Transportation Services,"V, M"
4121,4932,493,49,TS,Transport Services,Taxicabs and Limousines,Transportation Services,"V, M"
4119,8690,869,86,HHS,Human Health Services,Ambulance Services,Transportation Services,"V, M"
4112,4910,491,49,TS,Transport Services,Passenger Railways,Transportation Services,"V, M"
4111,4931;4939;4941,493,49,TS,Transport Services,"Transportation–Suburban and Local Commuter
Passenger, including Ferries",Transportation Services,"V, M"
4011,4920,492,49,TS,Transport Services,Railroads–Freight,Transportation Services,"V, M"
3831,5510,551,55,ACC,Accomodation,Waldorf,Lodging,"V, M"
3830,5510,551,55,ACC,Accomodation,Park Plaza Hotel,Lodging,"V, M"
3829,5510,551,55,ACC,Accomodation,Country Inn By Carlson,Lodging,"V, M"
3828,5510,551,55,ACC,Accomodation,Cosmopolitan of Las Vegas,Lodging,"V, M"
3827,5510,551,55,ACC,Accomodation,Galt House,Lodging,"V, M"
3826,5510,551,55,ACC,Accomodation,Autograph,Lodging,"V, M"
3825,5510,551,55,ACC,Accomodation,Vdara,Lodging,"V, M"
3824,5510,551,55,ACC,Accomodation,Aria,Lodging,"V, M"
3823,5510,551,55,ACC,Accomodation,Grand Sierra Resort,Lodging,"V, M"
3822,5510,551,55,ACC,Accomodation,Crossland,Lodging,"V, M"
3821,5510,551,55,ACC,Accomodation,Caribe Royal,Lodging,"V, M"
3820,5510,551,55,ACC,Accomodation,Jumeirah Essex House,Lodging,"V, M"
3819,5510,551,55,ACC,Accomodation,Oxford Suites,Lodging,"V, M"
3818,5510,551,55,ACC,Accomodation,Mainstay Suites,Lodging,"V, M"
3817,5510,551,55,ACC,Accomodation,Affinia,Lodging,M
3816,5510,551,55,ACC,Accomodation,Home2Suites,Lodging,"V, M"
3815,5510,551,55,ACC,Accomodation,Nickelodeon Family Suites by Holiday Inn,Lodging,"V, M"
3814,5510,551,55,ACC,Accomodation,The Roosevelt Hotel NY,Lodging,"V, M"
3813,5510,551,55,ACC,Accomodation,Hotel Indigo,Lodging,"V, M"
3812,5510,551,55,ACC,Accomodation,Hyatt Place,Lodging,"V, M"
3811,5510,551,55,ACC,Accomodation,Premier Travel Inns,Lodging,"V, M"
3810,5510,551,55,ACC,Accomodation,La Costa Resort,Lodging,M
3809,5510,551,55,ACC,Accomodation,Settle Inn,Lodging,M
3808,5510,551,55,ACC,Accomodation,LXR (Luxury Resorts),Lodging,"V, M"
3807,5510,551,55,ACC,Accomodation,Element,Lodging,"V, M"
3806,5510,551,55,ACC,Accomodation,Princeville Resort,Lodging,M
3805,5510,551,55,ACC,Accomodation,The Atlantic,Lodging,M
3804,5510,551,55,ACC,Accomodation,The Diplomat Country Club and Spa,Lodging,M
3803,5510,551,55,ACC,Accomodation,The Wigwam Golf Resort and Spa,Lodging,M
3802,5510,551,55,ACC,Accomodation,The Palace Hotel,Lodging,"V, M"
3801,5510,551,55,ACC,Accomodation,Wilderness Hotel and Resort,Lodging,"V, M"
3800,5510,551,55,ACC,Accomodation,Homestead Suites,Lodging,"V, M"
3799,5510,551,55,ACC,Accomodation,Hale Koa Hotel,Lodging,"V, M"
3798,5510,551,55,ACC,Accomodation,Embassy Vacation Resort,Lodging,"V, M"
3797,5510,551,55,ACC,Accomodation,Atlantic City Hilton,Lodging,"V, M"
3796,5510,551,55,ACC,Accomodation,Peppermill Hotel Casino,Lodging,"V, M"
3795,5510,551,55,ACC,Accomodation,Paris Las Vegas Hotel,Lodging,"V, M"
3794,5510,551,55,ACC,Accomodation,Grand Casino Hotels,Lodging,"V, M"
3793,5510,551,55,ACC,Accomodation,The Flamingo Hotels,Lodging,"V, M"
3792,5510,551,55,ACC,Accomodation,Claridge Casino Hotel,Lodging,"V, M"
3791,5510,551,55,ACC,Accomodation,Staybridge Suites,Lodging,"V, M"
3790,5510,551,55,ACC,Accomodation,Raffles Hotels,Lodging,"V, M"
3789,5510,551,55,ACC,Accomodation,Smugglers Notch Resort,Lodging,"V, M"
3788,5510,551,55,ACC,Accomodation,Ala Moana Hotel,Lodging,"V, M"
3787,5510,551,55,ACC,Accomodation,Caribe Royal Resort Suite and Villas,Lodging,"V, M"
3786,5510,551,55,ACC,Accomodation,Ohana Hotels of Hawaii,Lodging,"V, M"
3785,5510,551,55,ACC,Accomodation,Outrigger Hotels and Resorts,Lodging,"V, M"
3784,5510,551,55,ACC,Accomodation,First Hospitality Hotels,Lodging,"V, M"
3783,5510,551,55,ACC,Accomodation,Town and Country Resort and Convention Center,Lodging,"V, M"
3782,5510,551,55,ACC,Accomodation,Rosen Hotel and Resorts,Lodging,"V, M"
3781,5510,551,55,ACC,Accomodation,Patricia Grand Resort Hotels,Lodging,"V, M"
3780,5510,551,55,ACC,Accomodation,Disneyland Resorts,Lodging,"V, M"
3779,5510,551,55,ACC,Accomodation,W Hotels,Lodging,"V, M"
3778,5510,551,55,ACC,Accomodation,Four Points Hotels,Lodging,"V, M"
3777,5510,551,55,ACC,Accomodation,Mandalay Bay Resort,Lodging,"V, M"
3776,5510,551,55,ACC,Accomodation,Nevele Grande Resort and Country Club,Lodging,"V, M"
3775,5510,551,55,ACC,Accomodation,Sands Resort,Lodging,"V, M"
3774,5510,551,55,ACC,Accomodation,New York-New York Hotel and Casino,Lodging,"V, M"
3773,5510,551,55,ACC,Accomodation,Venetian Resort Hotel and Casino,Lodging,"V, M"
3772,5510,551,55,ACC,Accomodation,Nemacolin Woodlands,Lodging,"V, M"
3771,5510,551,55,ACC,Accomodation,Caesars Hotel and Casino,Lodging,"V, M"
3770,5510,551,55,ACC,Accomodation,Springhill Suites,Lodging,"V, M"
3769,5510,551,55,ACC,Accomodation,Stratosphere Hotel and Casino,Lodging,"V, M"
3768,5510,551,55,ACC,Accomodation,Silver Star Hotel and Casino,Lodging,"V, M"
3767,5510,551,55,ACC,Accomodation,Main Street Station Hotel and Casino,Lodging,"V, M"
3766,5510,551,55,ACC,Accomodation,Fremont Hotel and Casino,Lodging,"V, M"
3765,5510,551,55,ACC,Accomodation,Bellagio,Lodging,"V, M"
3764,5510,551,55,ACC,Accomodation,Beau Rivage Hotel and Casino,Lodging,"V, M"
3763,5510,551,55,ACC,Accomodation,Chateau Elan Winery and Resort,Lodging,"V, M"
3762,5510,551,55,ACC,Accomodation,Whiskey Pete’s Hotel and Casino,Lodging,"V, M"
3761,5510,551,55,ACC,Accomodation,Primadonna Hotel and Casino,Lodging,"V, M"
3760,5510,551,55,ACC,Accomodation,Halekulani Hotel/Waikiki Parc,Lodging,"V, M"
3759,5510,551,55,ACC,Accomodation,Orchid At Mauna Lai,Lodging,"V, M"
3758,5510,551,55,ACC,Accomodation,Kahala Mandarin Oriental Hotel,Lodging,"V, M"
3755,5510,551,55,ACC,Accomodation,Homestead,Lodging,"V, M"
3754,5510,551,55,ACC,Accomodation,Amelia Island Plantation,Lodging,"V, M"
3753,5510,551,55,ACC,Accomodation,Greenbriar Resorts,Lodging,"V, M"
3752,5510,551,55,ACC,Accomodation,Peabody Hotels,Lodging,"V, M"
3751,5510,551,55,ACC,Accomodation,Homewood Suites,Lodging,"V, M"
3750,5510,551,55,ACC,Accomodation,Crowne Plaza Hotels,Lodging,"V, M"
3749,5510,551,55,ACC,Accomodation,Beverly Hills Hotel,Lodging,"V, M"
3748,5510,551,55,ACC,Accomodation,Wellesley Inns,Lodging,"V, M"
3747,5510,551,55,ACC,Accomodation,Club Corporation/Club Resorts,Lodging,"V, M"
3746,5510,551,55,ACC,Accomodation,The Eliot Hotel,Lodging,"V, M"
3745,5510,551,55,ACC,Accomodation,St. Regis Hotel,Lodging,"V, M"
3744,5510,551,55,ACC,Accomodation,Carefree Resorts,Lodging,"V, M"
3743,5510,551,55,ACC,Accomodation,Biltmore Hotel and Suites,Lodging,"V, M"
3742,5510,551,55,ACC,Accomodation,Club Med,Lodging,"V, M"
3741,5510,551,55,ACC,Accomodation,Millennium Broadway Hotel,Lodging,"V, M"
3740,5510,551,55,ACC,Accomodation,Towneplace Suites,Lodging,"V, M"
3739,5510,551,55,ACC,Accomodation,Woodside Hotels and Resorts,Lodging,"V, M"
3738,5510,551,55,ACC,Accomodation,Tropicana Resort and Casino,Lodging,"V, M"
3737,5510,551,55,ACC,Accomodation,Riviera Hotel and Casino,Lodging,"V, M"
3736,5510,551,55,ACC,Accomodation,Colorado Belle Edgewater Resort,Lodging,"V, M"
3735,5510,551,55,ACC,Accomodation,Masters Economy Inns,Lodging,"V, M"
3734,5510,551,55,ACC,Accomodation,Harvey Bristol Hotels,Lodging,"V, M"
3733,5510,551,55,ACC,Accomodation,Boca Raton Resort,Lodging,M
3732,5510,551,55,ACC,Accomodation,Opryland Hotel,Lodging,"V, M"
3731,5510,551,55,ACC,Accomodation,Harrah’s Hotels and Casinos,Lodging,"V, M"
3730,5510,551,55,ACC,Accomodation,MGM Grand Hotel,Lodging,"V, M"
3729,5510,551,55,ACC,Accomodation,John Ascuagas Nugget,Lodging,"V, M"
3728,5510,551,55,ACC,Accomodation,Ballys Hotel and Casino,Lodging,"V, M"
3727,5510,551,55,ACC,Accomodation,Broadmoor Hotel,Lodging,"V, M"
3726,5510,551,55,ACC,Accomodation,Rio Suites,Lodging,"V, M"
3725,5510,551,55,ACC,Accomodation,Sea Pines Resort,Lodging,"V, M"
3724,5510,551,55,ACC,Accomodation,Inter Nor Hotels,Lodging,"V, M"
3723,5510,551,55,ACC,Accomodation,Rica Hotels,Lodging,"V, M"
3722,5510,551,55,ACC,Accomodation,Wyndham,Lodging,"V, M"
3721,5510,551,55,ACC,Accomodation,Conrad Hotels,Lodging,"V, M"
3720,5510,551,55,ACC,Accomodation,Southern Sun Hotels,Lodging,"V, M"
3719,5510,551,55,ACC,Accomodation,Protea Hotels,Lodging,"V, M"
3718,5510,551,55,ACC,Accomodation,Karos Hotels,Lodging,"V, M"
3717,5510,551,55,ACC,Accomodation,City Lodge Hotels,Lodging,"V, M"
3716,5510,551,55,ACC,Accomodation,Carlton Hotels,Lodging,"V, M"
3715,5510,551,55,ACC,Accomodation,Fairfield Inn,Lodging,"V, M"
3714,5510,551,55,ACC,Accomodation,Four Seasons (Australia),Lodging,"V, M"
3713,5510,551,55,ACC,Accomodation,Quality Pacific Hotel,Lodging,"V, M"
3712,5510,551,55,ACC,Accomodation,Buffalo Bills Hotel and Casino,Lodging,"V, M"
3711,5510,551,55,ACC,Accomodation,Flag Inns (Australia),Lodging,"V, M"
3710,5510,551,55,ACC,Accomodation,Ritz-Carlton,Lodging,"V, M"
3709,5510,551,55,ACC,Accomodation,Super 8 Motel,Lodging,"V, M"
3708,5510,551,55,ACC,Accomodation,Virgin River Hotel and Casino,Lodging,"V, M"
3707,5510,551,55,ACC,Accomodation,Shoneys Inn,Lodging,"V, M"
3706,5510,551,55,ACC,Accomodation,Shilo Inn,Lodging,"V, M"
3705,5510,551,55,ACC,Accomodation,Sandman Inn,Lodging,"V, M"
3704,5510,551,55,ACC,Accomodation,Royce Hotel,Lodging,"V, M"
3703,5510,551,55,ACC,Accomodation,Residence Inn,Lodging,"V, M"
3702,5510,551,55,ACC,Accomodation,Registry Hotels,Lodging,"V, M"
3701,5510,551,55,ACC,Accomodation,La Mansion Del Rio,Lodging,"V, M"
3700,5510,551,55,ACC,Accomodation,Motel 6,Lodging,"V, M"
3699,5510,551,55,ACC,Accomodation,Midway Motor Lodge,Lodging,"V, M"
3698,5510,551,55,ACC,Accomodation,Harley Hotel,Lodging,"V, M"
3697,5510,551,55,ACC,Accomodation,Fairfield Hotel,Lodging,"V, M"
3696,5510,551,55,ACC,Accomodation,Excel Inn,Lodging,"V, M"
3695,5510,551,55,ACC,Accomodation,Embassy Suites,Lodging,"V, M"
3694,5510,551,55,ACC,Accomodation,Economy Inns Of America,Lodging,"V, M"
3693,5510,551,55,ACC,Accomodation,Drury Inn,Lodging,"V, M"
3692,5510,551,55,ACC,Accomodation,Doubletree,Lodging,"V, M"
3691,5510,551,55,ACC,Accomodation,Dillon Inn,Lodging,"V, M"
3690,5510,551,55,ACC,Accomodation,Courtyard by Marriott,Lodging,"V, M"
3689,5510,551,55,ACC,Accomodation,Consort,Lodging,"V, M"
3688,5510,551,55,ACC,Accomodation,Compri Hotel,Lodging,"V, M"
3687,5510,551,55,ACC,Accomodation,Clarion Hotel,Lodging,"V, M"
3686,5510,551,55,ACC,Accomodation,Suisse Chalet,Lodging,"V, M"
3685,5510,551,55,ACC,Accomodation,Budgetel,Lodging,"V, M"
3684,5510,551,55,ACC,Accomodation,Budget Host Inns,Lodging,"V, M"
3683,5510,551,55,ACC,Accomodation,Bradbury Suites,Lodging,"V, M"
3682,5510,551,55,ACC,Accomodation,Sahara Hotel and Casino,Lodging,"V, M"
3681,5510,551,55,ACC,Accomodation,Adams Mark,Lodging,"V, M"
3680,5510,551,55,ACC,Accomodation,Hoteis Othan,Lodging,"V, M"
3679,5510,551,55,ACC,Accomodation,Silver Legacy Hotel and Casino,Lodging,"V, M"
3678,5510,551,55,ACC,Accomodation,Cumulus Hotels,Lodging,"V, M"
3677,5510,551,55,ACC,Accomodation,Climat De France,Lodging,"V, M"
3676,5510,551,55,ACC,Accomodation,Monte Carlo Hotel and Casino,Lodging,"V, M"
3675,5510,551,55,ACC,Accomodation,Interhotel Cedok,Lodging,"V, M"
3674,5510,551,55,ACC,Accomodation,Rantasipi Hotels,Lodging,"V, M"
3673,5510,551,55,ACC,Accomodation,Ibusz Hotels,Lodging,"V, M"
3672,5510,551,55,ACC,Accomodation,Campanile,Lodging,"V, M"
3671,5510,551,55,ACC,Accomodation,Arctia,Lodging,"V, M"
3670,5510,551,55,ACC,Accomodation,Arcade,Lodging,"V, M"
3669,5510,551,55,ACC,Accomodation,Eldorado Hotel and Casino,Lodging,"V, M"
3668,5510,551,55,ACC,Accomodation,Maritim,Lodging,"V, M"
3667,5510,551,55,ACC,Accomodation,Luxor Hotel and Casino,Lodging,"V, M"
3666,5510,551,55,ACC,Accomodation,Stakis Hotels,Lodging,"V, M"
3665,5510,551,55,ACC,Accomodation,Hampton Inns,Lodging,"V, M"
3664,5510,551,55,ACC,Accomodation,Flag Inns,Lodging,"V, M"
3663,5510,551,55,ACC,Accomodation,Hoteles El Presidente,Lodging,"V, M"
3662,5510,551,55,ACC,Accomodation,Circus Circus Hotel and Casino,Lodging,"V, M"
3661,5510,551,55,ACC,Accomodation,Metropole Hotels,Lodging,"V, M"
3660,5510,551,55,ACC,Accomodation,Knights Inn,Lodging,"V, M"
3659,5510,551,55,ACC,Accomodation,Taj Hotels Intl,Lodging,"V, M"
3658,5510,551,55,ACC,Accomodation,New Otani Hotels,Lodging,"V, M"
3657,5510,551,55,ACC,Accomodation,Oberoi Hotels,Lodging,"V, M"
3656,5510,551,55,ACC,Accomodation,Sara Hotels,Lodging,"V, M"
3655,5510,551,55,ACC,Accomodation,Scandic Hotels,Lodging,"V, M"
3654,5510,551,55,ACC,Accomodation,Loews Hotels,Lodging,"V, M"
3653,5510,551,55,ACC,Accomodation,Penta Hotels,Lodging,"V, M"
3652,5510,551,55,ACC,Accomodation,Embassy Hotels,Lodging,"V, M"
3651,5510,551,55,ACC,Accomodation,Imperial London Hotels,Lodging,"V, M"
3650,5510,551,55,ACC,Accomodation,Red Roof Inns,Lodging,"V, M"
3649,5510,551,55,ACC,Accomodation,Radisson,Lodging,"V, M"
3648,5510,551,55,ACC,Accomodation,De Vere Hotels,Lodging,"V, M"
3647,5510,551,55,ACC,Accomodation,Grupo Hotels HUSA SA,Lodging,"V, M"
3646,5510,551,55,ACC,Accomodation,Swallow Hotels,Lodging,"V, M"
3645,5510,551,55,ACC,Accomodation,Queens Moat Houses,Lodging,"V, M"
3644,5510,551,55,ACC,Accomodation,Econo-Travel Motor Hotel,Lodging,"V, M"
3643,5510,551,55,ACC,Accomodation,Steigenberger,Lodging,"V, M"
3642,5510,551,55,ACC,Accomodation,Novotel Sieh (Accor),Lodging,"V, M"
3641,5510,551,55,ACC,Accomodation,Sofitel Hotels,Lodging,"V, M"
3640,5510,551,55,ACC,Accomodation,Hyatt Hotels/International,Lodging,"V, M"
3639,5510,551,55,ACC,Accomodation,Mount Charlotte Hotels,Lodging,"V, M"
3638,5510,551,55,ACC,Accomodation,Howard Johnson,Lodging,"V, M"
3637,5510,551,55,ACC,Accomodation,Ramada Inns,Lodging,"V, M"
3636,5510,551,55,ACC,Accomodation,Sarova Hotels,Lodging,"V, M"
3635,5510,551,55,ACC,Accomodation,Reso Hotels,Lodging,"V, M"
3634,5510,551,55,ACC,Accomodation,Swissotel,Lodging,"V, M"
3633,5510,551,55,ACC,Accomodation,Rank Hotels,Lodging,"V, M"
3632,5510,551,55,ACC,Accomodation,The Phoenician,Lodging,"V, M"
3631,5510,551,55,ACC,Accomodation,Sleep Inn,Lodging,"V, M"
3630,5510,551,55,ACC,Accomodation,Extended Stay Deluxe,Lodging,"V, M"
3629,5510,551,55,ACC,Accomodation,Dan Hotels,Lodging,"V, M"
3628,5510,551,55,ACC,Accomodation,Excalibur Hotel and Casino,Lodging,"V, M"
3627,5510,551,55,ACC,Accomodation,Extended Stay America,Lodging,"V, M"
3626,5510,551,55,ACC,Accomodation,Studio Plus,Lodging,"V, M"
3625,5510,551,55,ACC,Accomodation,Hotel Universal,Lodging,"V, M"
3624,5510,551,55,ACC,Accomodation,Lady Luck Hotel and Casino,Lodging,"V, M"
3623,5510,551,55,ACC,Accomodation,Dorint Hotels,Lodging,"V, M"
3622,5510,551,55,ACC,Accomodation,Merlin Hotel (Perth),Lodging,"V, M"
3621,5510,551,55,ACC,Accomodation,Extended Stay,Lodging,"V, M"
3620,5510,551,55,ACC,Accomodation,Binions Horseshoe Club,Lodging,"V, M"
3619,5510,551,55,ACC,Accomodation,Aloft,Lodging,"V, M"
3618,5510,551,55,ACC,Accomodation,Great Wolf,Lodging,"V, M"
3617,5510,551,55,ACC,Accomodation,America’s Best Value Inn,Lodging,"V, M"
3616,5510,551,55,ACC,Accomodation,Hermitage Hotels,Lodging,M
3615,5510,551,55,ACC,Accomodation,Travelodge Motels,Lodging,"V, M"
3614,5510,551,55,ACC,Accomodation,AmericInn,Lodging,"V, M"
3613,5510,551,55,ACC,Accomodation,Microtel Inn and Suites,Lodging,"V, M"
3612,5510,551,55,ACC,Accomodation,Moevenpick,Lodging,"V, M"
3611,5510,551,55,ACC,Accomodation,C MON INN,Lodging,M
3610,5510,551,55,ACC,Accomodation,Gaylord Texan,Lodging,M
3609,5510,551,55,ACC,Accomodation,Gaylord Palms,Lodging,"V, M"
3608,5510,551,55,ACC,Accomodation,Gaylord Opryland,Lodging,"V, M"
3607,5510,551,55,ACC,Accomodation,Fontainebleau Resort,Lodging,"V, M"
3606,5510,551,55,ACC,Accomodation,Jefferson Hotel,Lodging,M
3605,5510,551,55,ACC,Accomodation,Jurys Doyle Hotel Group,Lodging,M
3604,5510,551,55,ACC,Accomodation,Hilton Garden Inn,Lodging,"V, M"
3603,5510,551,55,ACC,Accomodation,Noahs Hotel (Melbourne),Lodging,"V, M"
3602,5510,551,55,ACC,Accomodation,Hudson Hotel,Lodging,"V, M"
3601,5510,551,55,ACC,Accomodation,Tradewinds Resort,Lodging,"V, M"
3600,5510,551,55,ACC,Accomodation,Saddlebrook Resort–Tampa,Lodging,"V, M"
3599,5510,551,55,ACC,Accomodation,Pannonia Hotels,Lodging,"V, M"
3598,5510,551,55,ACC,Accomodation,Regent Hotels,Lodging,"V, M"
3597,5510,551,55,ACC,Accomodation,Riverside Resort and Casino,Lodging,"V, M"
3596,5510,551,55,ACC,Accomodation,Wynn Las Vegas,Lodging,"V, M"
3595,5510,551,55,ACC,Accomodation,Hospitality Inns,Lodging,"V, M"
3594,5510,551,55,ACC,Accomodation,Arizona Biltmore,Lodging,"V, M"
3593,5510,551,55,ACC,Accomodation,Cunard Hotels,Lodging,"V, M"
3592,5510,551,55,ACC,Accomodation,Omni International,Lodging,"V, M"
3591,5510,551,55,ACC,Accomodation,Sonesta International Hotels,Lodging,"V, M"
3590,5510,551,55,ACC,Accomodation,Fairmont Hotels Corporation,Lodging,"V, M"
3589,5510,551,55,ACC,Accomodation,Doral Golf Resort,Lodging,"V, M"
3588,5510,551,55,ACC,Accomodation,Helmsley Hotels,Lodging,"V, M"
3587,5510,551,55,ACC,Accomodation,Doral Hotels,Lodging,"V, M"
3586,5510,551,55,ACC,Accomodation,Sokos Hotel,Lodging,"V, M"
3585,5510,551,55,ACC,Accomodation,Hungar Hotels,Lodging,"V, M"
3584,5510,551,55,ACC,Accomodation,Princess Hotels International,Lodging,"V, M"
3583,5510,551,55,ACC,Accomodation,Radisson BLU,Lodging,"V, M"
3582,5510,551,55,ACC,Accomodation,California Hotel and Casino,Lodging,"V, M"
3581,5510,551,55,ACC,Accomodation,Delta Hotels,Lodging,"V, M"
3580,5510,551,55,ACC,Accomodation,Hotel Del Coronado,Lodging,"V, M"
3579,5510,551,55,ACC,Accomodation,Hotel Mercure,Lodging,"V, M"
3578,5510,551,55,ACC,Accomodation,Frankenmuth Bavarian,Lodging,"V, M"
3577,5510,551,55,ACC,Accomodation,Mandarin International,Lodging,"V, M"
3576,5510,551,55,ACC,Accomodation,La Quinta Resort,Lodging,"V, M"
3575,5510,551,55,ACC,Accomodation,Vagabond Hotels,Lodging,"V, M"
3574,5510,551,55,ACC,Accomodation,Venture Inn,Lodging,"V, M"
3573,5510,551,55,ACC,Accomodation,Sandman Hotels,Lodging,"V, M"
3572,5510,551,55,ACC,Accomodation,Miyako Hotel/Kintetsu,Lodging,"V, M"
3571,5510,551,55,ACC,Accomodation,Grand Wailea Resort,Lodging,"V, M"
3570,5510,551,55,ACC,Accomodation,Grand Met Forum Hotels,Lodging,"V, M"
3569,5510,551,55,ACC,Accomodation,Tribeca Grand Hotel,Lodging,"V, M"
3568,5510,551,55,ACC,Accomodation,Ladbroke Hotels,Lodging,"V, M"
3567,5510,551,55,ACC,Accomodation,Soho Grand Hotel,Lodging,"V, M"
3566,5510,551,55,ACC,Accomodation,Garden Place Hotel,Lodging,"V, M"
3565,5510,551,55,ACC,Accomodation,Relax Inns,Lodging,"V, M"
3564,5510,551,55,ACC,Accomodation,Sams Town Hotel and Casino,Lodging,"V, M"
3563,5510,551,55,ACC,Accomodation,Journeys End Motels,Lodging,"V, M"
3562,5510,551,55,ACC,Accomodation,Comfort Hotel International,Lodging,"V, M"
3561,5510,551,55,ACC,Accomodation,Golden Nugget,Lodging,"V, M"
3560,5510,551,55,ACC,Accomodation,Aladdin Resort and Casino,Lodging,"V, M"
3559,5510,551,55,ACC,Accomodation,Candlewood Suites,Lodging,"V, M"
3558,5510,551,55,ACC,Accomodation,Jolly Hotels,Lodging,"V, M"
3557,5510,551,55,ACC,Accomodation,Manhattan East Suite Hotels,Lodging,"V, M"
3556,5510,551,55,ACC,Accomodation,Barton Creek Resort,Lodging,"V, M"
3555,5510,551,55,ACC,Accomodation,Treasure Island Hotel and Casino,Lodging,"V, M"
3554,5510,551,55,ACC,Accomodation,Pinehurst Resort,Lodging,"V, M"
3553,5510,551,55,ACC,Accomodation,Parks Inns International,Lodging,"V, M"
3552,5510,551,55,ACC,Accomodation,Coast Hotels,Lodging,"V, M"
3551,5510,551,55,ACC,Accomodation,Mirage Hotel and Casino,Lodging,"V, M"
3550,5510,551,55,ACC,Accomodation,Regal 8 Inns,Lodging,"V, M"
3549,5510,551,55,ACC,Accomodation,Auberge Des Governeurs,Lodging,"V, M"
3548,5510,551,55,ACC,Accomodation,Hotels Melia,Lodging,"V, M"
3547,5510,551,55,ACC,Accomodation,Breakers Resort,Lodging,M
3546,5510,551,55,ACC,Accomodation,Hotel Sierra,Lodging,"V, M"
3545,5510,551,55,ACC,Accomodation,Shangri-La International,Lodging,"V, M"
3544,5510,551,55,ACC,Accomodation,Cigahotels,Lodging,"V, M"
3543,5510,551,55,ACC,Accomodation,Four Seasons,Lodging,"V, M"
3542,5510,551,55,ACC,Accomodation,Royal Hotels,Lodging,"V, M"
3541,5510,551,55,ACC,Accomodation,Hotel Okura,Lodging,"V, M"
3540,5510,551,55,ACC,Accomodation,Iberotel,Lodging,"V, M"
3539,5510,551,55,ACC,Accomodation,Summerfield Suites Hotel,Lodging,"V, M"
3538,5510,551,55,ACC,Accomodation,Concorde Hotels,Lodging,"V, M"
3537,5510,551,55,ACC,Accomodation,Ana Hotels,Lodging,"V, M"
3536,5510,551,55,ACC,Accomodation,AMFAC Hotels,Lodging,"V, M"
3535,5510,551,55,ACC,Accomodation,Hilton International,Lodging,"V, M"
3534,5510,551,55,ACC,Accomodation,Southern Pacific Hotel,Lodging,"V, M"
3533,5510,551,55,ACC,Accomodation,Park Inn by Radisson,Lodging,"V, M"
3532,5510,551,55,ACC,Accomodation,Royal Kona Resort,Lodging,"V, M"
3531,5510,551,55,ACC,Accomodation,Kauai Coconut Beach Resort,Lodging,"V, M"
3530,5510,551,55,ACC,Accomodation,Renaissance Hotels,Lodging,"V, M"
3529,5510,551,55,ACC,Accomodation,CP (Canadian Pacific),Lodging,"V, M"
3528,5510,551,55,ACC,Accomodation,Thunderbird/Red Lion,Lodging,"V, M"
3527,5510,551,55,ACC,Accomodation,Downtowner Passport,Lodging,"V, M"
3526,5510,551,55,ACC,Accomodation,Prince Hotels,Lodging,"V, M"
3525,5510,551,55,ACC,Accomodation,Dunfey Hotels,Lodging,"V, M"
3524,5510,551,55,ACC,Accomodation,Welcomgroup,Lodging,"V, M"
3523,5510,551,55,ACC,Accomodation,Peninsula Hotels,Lodging,"V, M"
3522,5510,551,55,ACC,Accomodation,Tokyo Group,Lodging,"V, M"
3521,5510,551,55,ACC,Accomodation,Crest Hotels,Lodging,"V, M"
3520,5510,551,55,ACC,Accomodation,Meridien,Lodging,"V, M"
3519,5510,551,55,ACC,Accomodation,PLM/ETAP International,Lodging,"V, M"
3518,5510,551,55,ACC,Accomodation,Sol Hotels,Lodging,"V, M"
3517,5510,551,55,ACC,Accomodation,Americana Hotels Corporation,Lodging,"V, M"
3516,5510,551,55,ACC,Accomodation,La Quinta Motor Inns,Lodging,"V, M"
3515,5510,551,55,ACC,Accomodation,Rodeway Inns International,Lodging,"V, M"
3514,5510,551,55,ACC,Accomodation,Amerisuites,Lodging,"V, M"
3513,5510,551,55,ACC,Accomodation,Westin Hotels,Lodging,"V, M"
3512,5510,551,55,ACC,Accomodation,Intercontinental,Lodging,"V, M"
3511,5510,551,55,ACC,Accomodation,Arabella Hotels,Lodging,"V, M"
3510,5510,551,55,ACC,Accomodation,Days Inns Of America,Lodging,"V, M"
3509,5510,551,55,ACC,Accomodation,Marriott,Lodging,"V, M"
3508,5510,551,55,ACC,Accomodation,Quality International,Lodging,"V, M"
3507,5510,551,55,ACC,Accomodation,Friendship Inns International,Lodging,"V, M"
3506,5510,551,55,ACC,Accomodation,Golden Tulip,Lodging,"V, M"
3505,5510,551,55,ACC,Accomodation,Trusthouse Forte,Lodging,"V, M"
3504,5510,551,55,ACC,Accomodation,Hilton,Lodging,"V, M"
3503,5510,551,55,ACC,Accomodation,Sheraton,Lodging,"V, M"
3502,5510,551,55,ACC,Accomodation,Best Western,Lodging,"V, M"
3501,5510,551,55,ACC,Accomodation,Holiday Inns,Lodging,"V, M"
3441,7711;4932,771,77,TS,Transport Services,Advantage Rent A Car,Car Rental,"V, M"
3439,7711;4932,771,77,TS,Transport Services,Milleville,Car Rental,"V, M"
3438,7711;4932,771,77,TS,Transport Services,Interent,Car Rental,"V, M"
3436,7711;4932,771,77,TS,Transport Services,Autohansa,Car Rental,"V, M"
3435,7711;4932,771,77,TS,Transport Services,Value Rent-A-Car,Car Rental,"V, M"
3434,7711;4932,771,77,TS,Transport Services,USA,Car Rental,"V, M"
3433,7711;4932,771,77,TS,Transport Services,Ugly Duckling Rent-A-Car,Car Rental,"V, M"
3432,7711;4932,771,77,TS,Transport Services,Reserve Rent-A-Car,Car Rental,"V, M"
3431,7711;4932,771,77,TS,Transport Services,Replacement Rent-A-Car,Car Rental,"V, M"
3430,7711;4932,771,77,TS,Transport Services,Major Rent-A-Car,Car Rental,"V, M"
3429,7711;4932,771,77,TS,Transport Services,Insurance Rent-A-Car,Car Rental,"V, M"
3428,7711;4932,771,77,TS,Transport Services,Carey,Car Rental,"V, M"
3427,7711;4932,771,77,TS,Transport Services,Avon Rent-A-Car,Car Rental,"V, M"
3425,7711;4932,771,77,TS,Transport Services,Automate,Car Rental,"V, M"
3423,7711;4932,771,77,TS,Transport Services,AVCAR,Car Rental,"V, M"
3421,7711;4932,771,77,TS,Transport Services,Allstate,Car Rental,"V, M"
3420,7711;4932,771,77,TS,Transport Services,Ansa International,Car Rental,"V, M"
3412,7711;4932,771,77,TS,Transport Services,A1 Rent-A-Car,Car Rental,"V, M"
3409,7711;4932,771,77,TS,Transport Services,General Rent-A-Car,Car Rental,"V, M"
3405,7711;4932,771,77,TS,Transport Services,Enterprise Rent-A-Car,Car Rental,"V, M"
3400,7711;4932,771,77,TS,Transport Services,Auto Host Rental Cars,Car Rental,"V, M"
3398,7711;4932,771,77,TS,Transport Services,Econo-Car Rent-A-Car,Car Rental,"V, M"
3396,7711;4932,771,77,TS,Transport Services,Tilden Rent-A-Car,Car Rental,"V, M"
3395,7711;4932,771,77,TS,Transport Services,Thrifty Car Rental,Car Rental,"V, M"
3394,7711;4932,771,77,TS,Transport Services,Kemwell Group,Car Rental,"V, M"
3393,7711;4932,771,77,TS,Transport Services,National Car Rental,Car Rental,"V, M"
3391,7711;4932,771,77,TS,Transport Services,Europe By Car,Car Rental,"V, M"
3390,7711;4932,771,77,TS,Transport Services,Dollar Rent-A-Car,Car Rental,"V, M"
3389,7711;4932,771,77,TS,Transport Services,Avis Rent-A-Car,Car Rental,"V, M"
3388,7711;4932,771,77,TS,Transport Services,Merchants Rent-A-Car,Car Rental,"V, M"
3387,7711;4932,771,77,TS,Transport Services,Alamo Rent-A-Car,Car Rental,"V, M"
3386,7711;4932,771,77,TS,Transport Services,Showcase Rental Cars,Car Rental,"V, M"
3385,7711;4932,771,77,TS,Transport Services,Tropical Rent-A-Car,Car Rental,"V, M"
3381,7711;4932,771,77,TS,Transport Services,Europcar,Car Rental,"V, M"
3380,7711;4932,771,77,TS,Transport Services,Triangle Rent-A-Car,Car Rental,"V, M"
3376,7711;4932,771,77,TS,Transport Services,Ajax Rent-A-Car,Car Rental,"V, M"
3374,7711;4932,771,77,TS,Transport Services,Accent Rent-A-Car,Car Rental,"V, M"
3370,7711;4932,771,77,TS,Transport Services,Rent-A-Wreck,Car Rental,"V, M"
3368,7711;4932,771,77,TS,Transport Services,Holiday Rent-A-Car,Car Rental,"V, M"
3366,7711;4932,771,77,TS,Transport Services,Budget Rent-A-Car,Car Rental,"V, M"
3364,7711;4932,771,77,TS,Transport Services,Agency Rent-A-Car,Car Rental,"V, M"
3362,7711;4932,771,77,TS,Transport Services,Altra Auto Rental,Car Rental,"V, M"
3361,7711;4932,771,77,TS,Transport Services,Airways,Car Rental,"V, M"
3360,7711;4932,771,77,TS,Transport Services,Snappy Car Rental,Car Rental,"V, M"
3359,7711;4932,771,77,TS,Transport Services,Payless Car Rental,Car Rental,"V, M"
3357,7711;4932,771,77,TS,Transport Services,Hertz,Car Rental,"V, M"
3355,7711;4932,771,77,TS,Transport Services,Sixt Car Rental,Car Rental,"V, M"
3354,7711;4932,771,77,TS,Transport Services,Action Auto Rental,Car Rental,"V, M"
3353,7711;4932,771,77,TS,Transport Services,Brooks Rent-A-Car,Car Rental,"V, M"
3352,7711;4932,771,77,TS,Transport Services,American International,Car Rental,"V, M"
3351,7711;4932,771,77,TS,Transport Services,Affiliated Auto Rental,Car Rental,"V, M"
3299,5110,511,51,TS,Transport Services,Wideroes Flyveselskap,Airlines,"V, M"
3298,5110,511,51,TS,Transport Services,Air Mauritius,Airlines,"V, M"
3297,5110,511,51,TS,Transport Services,Tarom Romanian Air Transport,Airlines,"V, M"
3296,5110,511,51,TS,Transport Services,Air Berlin,Airlines,"V, M"
3295,5110,511,51,TS,Transport Services,Kenya Airways,Airlines,"V, M"
3294,5110,511,51,TS,Transport Services,Ethiopian Airlines,Airlines,"V, M"
3293,5110,511,51,TS,Transport Services,Ecuatoriana,Airlines,"V, M"
3292,5110,511,51,TS,Transport Services,Cyprus Airways,Airlines,"V, M"
3287,5110,511,51,TS,Transport Services,Aero Coach Aviation,Airlines,"V, M"
3286,5110,511,51,TS,Transport Services,Aero Nicaraguensis,Airlines,"V, M"
3285,5110,511,51,TS,Transport Services,Aero Peru,Airlines,"V, M"
3282,5110,511,51,TS,Transport Services,Air Djibouti,Airlines,"V, M"
3280,5110,511,51,TS,Transport Services,Air Jamaica,Airlines,"V, M"
3267,5110,511,51,TS,Transport Services,Air Panama International,Airlines,"V, M"
3266,5110,511,51,TS,Transport Services,Air Seychelles,Airlines,"V, M"
3263,5110,511,51,TS,Transport Services,Aero Servicio Carabobo,Airlines,"V, M"
3261,5110,511,51,TS,Transport Services,Air China,Airlines,"V, M"
3260,5110,511,51,TS,Transport Services,Spirit Airlines,Airlines,"V, M"
3256,5110,511,51,TS,Transport Services,Alaska Airlines Inc.,Airlines,"V, M"
3253,5110,511,51,TS,Transport Services,America West,Airlines,M
3252,5110,511,51,TS,Transport Services,Antilean Airlines (ALM),Airlines,"V, M"
3248,5110,511,51,TS,Transport Services,Tam Airlines,Airlines,"V, M"
3247,5110,511,51,TS,Transport Services,Gol Airlines,Airlines,"V, M"
3246,5110,511,51,TS,Transport Services,Ryanair,Airlines,"V, M"
3245,5110,511,51,TS,Transport Services,Easyjet Air,Airlines,"V, M"
3243,5110,511,51,TS,Transport Services,Austrian Air Service,Airlines,"V, M"
3242,5110,511,51,TS,Transport Services,Avensa,Airlines,"V, M"
3241,5110,511,51,TS,Transport Services,Aviateca,Airlines,"V, M"
3240,5110,511,51,TS,Transport Services,Bahamasair,Airlines,"V, M"
3239,5110,511,51,TS,Transport Services,Bar Harbor Airlines,Airlines,"V, M"
3236,5110,511,51,TS,Transport Services,Air Arabia Airline,Airlines,"V, M"
3234,5110,511,51,TS,Transport Services,Caribbean Airlines,Airlines,"V, M"
3231,5110,511,51,TS,Transport Services,"SAHSA (Servicio Aero De
Honduras)",Airlines,"V, M"
3229,5110,511,51,TS,Transport Services,"SAETA (Sociedad Ecuatorianos
De Transportes Aereos)",Airlines,"V, M"
3228,5110,511,51,TS,Transport Services,Cayman Airways,Airlines,"V, M"
3226,5110,511,51,TS,Transport Services,Skyways,Airlines,"V, M"
3223,5110,511,51,TS,Transport Services,Comair,Airlines,"V, M"
3222,5110,511,51,TS,Transport Services,Command Airways,Airlines,"V, M"
3221,5110,511,51,TS,Transport Services,Transportes Aeros Militares,Airlines,"V, M"
3220,5110,511,51,TS,Transport Services,Compania Faucett,Airlines,"V, M"
3219,5110,511,51,TS,Transport Services,"Compania Panamena De Aviacion
(COPA)",Airlines,"V, M"
3217,5110,511,51,TS,Transport Services,Ceskoslovenske Aerolinie (CSA),Airlines,"V, M"
3213,5110,511,51,TS,Transport Services,Malmo Aviation,Airlines,"V, M"
3212,5110,511,51,TS,Transport Services,Dominicana De Aviacion,Airlines,"V, M"
3211,5110,511,51,TS,Transport Services,Norwegian Air Shuttle,Airlines,"V, M"
3206,5110,511,51,TS,Transport Services,China Eastern Airlines,Airlines,"V, M"
3204,5110,511,51,TS,Transport Services,Freedom Airlines,Airlines,"V, M"
3200,5110,511,51,TS,Transport Services,Guyana Airways,Airlines,"V, M"
3197,5110,511,51,TS,Transport Services,Havasu Airlines,Airlines,"V, M"
3196,5110,511,51,TS,Transport Services,Hawaiian Air,Airlines,"V, M"
3193,5110,511,51,TS,Transport Services,Indian Airlines,Airlines,"V, M"
3191,5110,511,51,TS,Transport Services,Island Airlines,Airlines,"V, M"
3190,5110,511,51,TS,Transport Services,Jugoslav Air,Airlines,"V, M"
3188,5110,511,51,TS,Transport Services,Virgin Express,Airlines,"V, M"
3187,5110,511,51,TS,Transport Services,LACSA (Costa Rica),Airlines,"V, M"
3186,5110,511,51,TS,Transport Services,Lineas Aereas Paraguayas (LAP),Airlines,"V, M"
3185,5110,511,51,TS,Transport Services,"Linea Aeropostal Venezolana
(LAV)",Airlines,"V, M"
3184,5110,511,51,TS,Transport Services,LIAT,Airlines,"V, M"
3183,5110,511,51,TS,Transport Services,Oman Air,Airlines,"V, M"
3182,5110,511,51,TS,Transport Services,LOT (Polish Airlines),Airlines,"V, M"
3181,5110,511,51,TS,Transport Services,Malev,Airlines,"V, M"
3180,5110,511,51,TS,Transport Services,Westjet Airlines,Airlines,"V, M"
3178,5110,511,51,TS,Transport Services,Mesa Air,Airlines,"V, M"
3177,5110,511,51,TS,Transport Services,AirTran Airways,Airlines,"V, M"
3175,5110,511,51,TS,Transport Services,Middle East Air,Airlines,"V, M"
3174,5110,511,51,TS,Transport Services,Jetblue Airways,Airlines,"V, M"
3172,5110,511,51,TS,Transport Services,Nationair,Airlines,"V, M"
3171,5110,511,51,TS,Transport Services,Canadian Airlines International,Airlines,"V, M"
3167,5110,511,51,TS,Transport Services,Aero Continente,Airlines,"V, M"
3164,5110,511,51,TS,Transport Services,Norontair,Airlines,"V, M"
3161,5110,511,51,TS,Transport Services,All Nipon Airways,Airlines,"V, M"
3159,5110,511,51,TS,Transport Services,Provincetown-Boston Airways,Airlines,"V, M"
3156,5110,511,51,TS,Transport Services,Go Fly Ltd.,Airlines,"V, M"
3151,5110,511,51,TS,Transport Services,Air Zaire,Airlines,"V, M"
3148,5110,511,51,TS,Transport Services,Air Littoral S.A.,Airlines,"V, M"
3146,5110,511,51,TS,Transport Services,Luxair,Airlines,"V, M"
3144,5110,511,51,TS,Transport Services,Virgin Atlantic,Airlines,"V, M"
3136,5110,511,51,TS,Transport Services,Qatar Airways,Airlines,"V, M"
3132,5110,511,51,TS,Transport Services,Frontier Airlines,Airlines,"V, M"
3131,5110,511,51,TS,Transport Services,VLM Airlines,Airlines,"V, M"
3130,5110,511,51,TS,Transport Services,Sunworld International,Airlines,"V, M"
3129,5110,511,51,TS,Transport Services,Surinam Airways,Airlines,"V, M"
3127,5110,511,51,TS,Transport Services,Taca International,Airlines,"V, M"
3125,5110,511,51,TS,Transport Services,Tan Sahsa,Airlines,"V, M"
3118,5110,511,51,TS,Transport Services,Valley Airlines,Airlines,"V, M"
3117,5110,511,51,TS,Transport Services,"Venezolana International De
Aviacion",Airlines,"V, M"
3115,5110,511,51,TS,Transport Services,Tower Air,Airlines,"V, M"
3112,5110,511,51,TS,Transport Services,Windward Island,Airlines,"V, M"
3111,5110,511,51,TS,Transport Services,British Midland,Airlines,"V, M"
3106,5110,511,51,TS,Transport Services,Braathens S.A.F.E.,Airlines,"V, M"
3103,5110,511,51,TS,Transport Services,Garuda,Airlines,"V, M"
3102,5110,511,51,TS,Transport Services,Iberia,Airlines,"V, M"
3100,5110,511,51,TS,Transport Services,Malaysian Airline System,Airlines,"V, M"
3099,5110,511,51,TS,Transport Services,Cathay Pacific,Airlines,"V, M"
3098,5110,511,51,TS,Transport Services,Asiana Airlines,Airlines,"V, M"
3097,5110,511,51,TS,Transport Services,Spanair,Airlines,"V, M"
3096,5110,511,51,TS,Transport Services,Air Zimbabwe Corp,Airlines,"V, M"
3094,5110,511,51,TS,Transport Services,Zambia Airways,Airlines,"V, M"
3090,5110,511,51,TS,Transport Services,Uni Airways Corporation,Airlines,"V, M"
3089,5110,511,51,TS,Transport Services,Transaero,Airlines,"V, M"
3088,5110,511,51,TS,Transport Services,Croatia Air,Airlines,"V, M"
3087,5110,511,51,TS,Transport Services,Metro Airlines,Airlines,"V, M"
3085,5110,511,51,TS,Transport Services,Midwest Express Airlines,Airlines,"V, M"
3084,5110,511,51,TS,Transport Services,Eva Airways,Airlines,"V, M"
3083,5110,511,51,TS,Transport Services,Air Afrique,Airlines,"V, M"
3082,5110,511,51,TS,Transport Services,Korean Airlines,Airlines,"V, M"
3079,5110,511,51,TS,Transport Services,Jetstar Airways,Airlines,"V, M"
3078,5110,511,51,TS,Transport Services,China Airlines,Airlines,"V, M"
3077,5110,511,51,TS,Transport Services,Thai Airways,Airlines,"V, M"
3076,5110,511,51,TS,Transport Services,Aeromexico,Airlines,"V, M"
3075,5110,511,51,TS,Transport Services,Singapore Airlines,Airlines,"V, M"
3072,5110,511,51,TS,Transport Services,Cebu Pacific Airlines,Airlines,"V, M"
3071,5110,511,51,TS,Transport Services,Air British Columbia,Airlines,"V, M"
3069,5110,511,51,TS,Transport Services,Sun Country Airlines,Airlines,"V, M"
3068,5110,511,51,TS,Transport Services,Air Astana,Airlines,"V, M"
3067,5110,511,51,TS,Transport Services,Vanguard Airlines,Airlines,"V, M"
3066,5110,511,51,TS,Transport Services,Southwest Airlines,Airlines,"V, M"
3065,5110,511,51,TS,Transport Services,Airinter,Airlines,"V, M"
3064,5110,511,51,TS,Transport Services,Adria Airways,Airlines,"V, M"
3063,5110,511,51,TS,Transport Services,US Airways,Airlines,"V, M"
3062,5110,511,51,TS,Transport Services,Hapag-Lloyd Express,Airlines,"V, M"
3061,5110,511,51,TS,Transport Services,Continental,Airlines,"V, M"
3060,5110,511,51,TS,Transport Services,Northwest Airlines,Airlines,"V, M"
3059,5110,511,51,TS,Transport Services,DBA Airline,Airlines,"V, M"
3058,5110,511,51,TS,Transport Services,Delta,Airlines,"V, M"
3057,5110,511,51,TS,Transport Services,Virgin America,Airlines,"V, M"
3056,5110,511,51,TS,Transport Services,Jet Airways,Airlines,"V, M"
3055,5110,511,51,TS,Transport Services,Lloyd Aero Boliviano (LAB),Airlines,"V, M"
3054,5110,511,51,TS,Transport Services,Linea Aerea Del Cobre (LADECO),Airlines,"V, M"
3053,5110,511,51,TS,Transport Services,Aviacion Y Comercio (AVIACO),Airlines,"V, M"
3052,5110,511,51,TS,Transport Services,LAN Airlines,Airlines,"V, M"
3051,5110,511,51,TS,Transport Services,Austrian Airlines,Airlines,"V, M"
3050,5110,511,51,TS,Transport Services,Icelandair,Airlines,"V, M"
3049,5110,511,51,TS,Transport Services,Tunis Air,Airlines,"V, M"
3048,5110,511,51,TS,Transport Services,Royal Air Maroc,Airlines,"V, M"
3047,5110,511,51,TS,Transport Services,Turk Hava Yollari,Airlines,"V, M"
3046,5110,511,51,TS,Transport Services,Cruzeiro Do Sul,Airlines,"V, M"
3045,5110,511,51,TS,Transport Services,Nigeria Airways,Airlines,"V, M"
3044,5110,511,51,TS,Transport Services,Air Lanka,Airlines,"V, M"
3043,5110,511,51,TS,Transport Services,Aer Lingus,Airlines,"V, M"
3042,5110,511,51,TS,Transport Services,Finnair,Airlines,"V, M"
3041,5110,511,51,TS,Transport Services,Balkan-Bulgarian Airlines,Airlines,"V, M"
3040,5110,511,51,TS,Transport Services,Gulf Air (Bahrain),Airlines,"V, M"
3039,5110,511,51,TS,Transport Services,Avianca,Airlines,"V, M"
3038,5110,511,51,TS,Transport Services,Kuwait Airways,Airlines,"V, M"
3037,5110,511,51,TS,Transport Services,Egyptair,Airlines,"V, M"
3036,5110,511,51,TS,Transport Services,Viacao Aerea Sao Pãulo (VASP),Airlines,"V, M"
3035,5110,511,51,TS,Transport Services,TAP Air Portugal (TAP),Airlines,"V, M"
3034,5110,511,51,TS,Transport Services,Etihadair,Airlines,"V, M"
3033,5110,511,51,TS,Transport Services,Ansett Airlines,Airlines,"V, M"
3032,5110,511,51,TS,Transport Services,El Al,Airlines,"V, M"
3031,5110,511,51,TS,Transport Services,Olympic Airways,Airlines,"V, M"
3030,5110,511,51,TS,Transport Services,Aerolineas Argentinas,Airlines,"V, M"
3029,5110,511,51,TS,Transport Services,SN Brussels Airlines,Airlines,"V, M"
3028,5110,511,51,TS,Transport Services,Air Malta,Airlines,"V, M"
3027,5110,511,51,TS,Transport Services,"Union De Transports Aeriens
(UTA/interair)",Airlines,"V, M"
3026,5110,511,51,TS,Transport Services,Emirates Airlines,Airlines,"V, M"
3025,5110,511,51,TS,Transport Services,"Air New Zealand Ltd.
International",Airlines,"V, M"
3024,5110,511,51,TS,Transport Services,Pakistan International,Airlines,"V, M"
3023,5110,511,51,TS,Transport Services,Mexicana,Airlines,"V, M"
3022,5110,511,51,TS,Transport Services,Philippine Airlines,Airlines,"V, M"
3021,5110,511,51,TS,Transport Services,Air Algerie,Airlines,"V, M"
3020,5110,511,51,TS,Transport Services,Air India,Airlines,"V, M"
3018,5110,511,51,TS,Transport Services,Varig,Airlines,"V, M"
3017,5110,511,51,TS,Transport Services,South African Airways,Airlines,"V, M"
3016,5110,511,51,TS,Transport Services,Scandinavian Airline System (SAS),Airlines,"V, M"
3015,5110,511,51,TS,Transport Services,Swiss International Air Lines,Airlines,"V, M"
3014,5110,511,51,TS,Transport Services,Saudi Arabian Airlines,Airlines,"V, M"
3013,5110,511,51,TS,Transport Services,Alitalia,Airlines,"V, M"
3012,5110,511,51,TS,Transport Services,Qantas,Airlines,"V, M"
3011,5110,511,51,TS,Transport Services,Aeroflot,Airlines,"V, M"
3010,5110,511,51,TS,Transport Services,Royal Dutch Airlines (KLM Airlines),Airlines,"V, M"
3009,5110,511,51,TS,Transport Services,Air Canada,Airlines,"V, M"
3008,5110,511,51,TS,Transport Services,Lufthansa German Airlines,Airlines,"V, M"
3007,5110,511,51,TS,Transport Services,Air France,Airlines,"V, M"
3006,5110,511,51,TS,Transport Services,Japan Air Lines,Airlines,"V, M"
3005,5110,511,51,TS,Transport Services,British Airways,Airlines,"V, M"
3004,5110,511,51,TS,Transport Services,Dragon Airlines,Airlines,"V, M"
3003,5110,511,51,TS,Transport Services,Eurofly,Airlines,"V, M"
3002,5110,511,51,TS,Transport Services,Pan American,Airlines,"V, M"
3001,5110,511,51,TS,Transport Services,American Airlines,Airlines,"V, M"
3000,5110,511,51,TS,Transport Services,United Airlines,Airlines,"V, M"
2842,2041,204,20,999,Other,"Sanitation, Polishing and Specialty Cleaning
Preparations",Contracted Services,"V, M"
2791,1813,181,18,999,Other,"Typesetting, Plate Making and Related Services",Contracted Services,"V, M"
2741,5811;5812;5813;5819;5821;5829;8219;1723;1811;1812,581,58,PRS,Professional Services,Miscellaneous Publishing and Printing,Contracted Services,"V, M"
1799,4399,439,43,999,Other,"Contractors, Special Trade Contractors–not
elsewhere classified",Contracted Services,"V, M"
1771,2361;2363;2369,236,23,999,Other,Concrete Work Contractors,Contracted Services,"V, M"
1761,4391,439,43,999,Other,"Roofing and Siding, Sheet Metal Work Contractors",Contracted Services,"V, M"
1750,4391,439,43,999,Other,Carpentry Contractors,Contracted Services,"V, M"
1740,4329;4331;4399;4333,432,43,999,Other,"Insulation, Masonry, Plastering, Stonework and Tile
Setting Contractors",Contracted Services,"V, M"
1731,4643;4754;4742;4743,464,46,999,Other,Electrical Contractors,Contracted Services,"V, M"
1711,4322,432,43,999,Other,"Air Conditioning, Heating and Plumbing Contractors",Contracted Services,"V, M"
1520,4120,412,41,999,Other,General Contractors–Residential and Commercial,Contracted Services,"V, M"
780,8130,813,81,PRS,Professional Services,Horticultural and Landscaping Services,Agricultural Services,"V, M"
763,4611;4621;4661;4776;7731,461,46,999,Other,Agricultural Cooperatives,Agricultural Services,"V, M"
